               epoch,      train/box_loss,      train/cls_loss,      train/dfl_loss,   metrics/precision,      metrics/recall,     metrics/mAP_0.5,metrics/mAP_0.5:0.95,        val/box_loss,        val/cls_loss,        val/dfl_loss,               x/lr0,               x/lr1,               x/lr2
                   0,               3.806,              4.3997,              4.3727,             0.40922,               0.225,             0.20795,            0.067847,                   0,                   0,                   0,             0.07006,           0.0033267,           0.0033267
                   1,              3.5479,              3.4714,              4.1519,             0.56553,                0.45,             0.48348,              0.2147,                   0,                   0,                   0,            0.040038,            0.006638,            0.006638
                   2,              3.2069,              3.1007,              3.8728,             0.57325,             0.51494,              0.5776,             0.31562,                   0,                   0,                   0,            0.009994,           0.0099274,           0.0099274
                   3,              2.6913,              2.8148,               3.556,             0.84171,             0.59167,             0.72162,             0.44149,                   0,                   0,                   0,            0.009901,            0.009901,            0.009901
                   4,              2.4453,              2.6532,              3.2169,             0.81631,             0.56667,             0.68034,             0.43641,                   0,                   0,                   0,            0.009901,            0.009901,            0.009901
                   5,              2.2792,              2.5329,               2.967,             0.83038,               0.625,             0.73215,             0.50072,                   0,                   0,                   0,            0.009868,            0.009868,            0.009868
                   6,              2.1241,              2.3788,              2.8347,             0.83349,             0.67917,             0.78227,             0.53889,                   0,                   0,                   0,            0.009835,            0.009835,            0.009835
                   7,              2.0805,              2.2747,              2.6463,             0.78105,             0.68333,             0.75047,             0.52982,                   0,                   0,                   0,            0.009802,            0.009802,            0.009802
                   8,              2.0112,              2.1753,              2.5813,             0.86819,             0.72083,             0.81762,             0.58857,                   0,                   0,                   0,            0.009769,            0.009769,            0.009769
                   9,              1.9612,              2.1524,              2.4541,             0.85882,             0.65901,             0.80769,             0.56704,                   0,                   0,                   0,            0.009736,            0.009736,            0.009736
                  10,               1.829,              2.0038,              2.3912,             0.92592,             0.67699,             0.80195,             0.57651,                   0,                   0,                   0,            0.009703,            0.009703,            0.009703
                  11,              1.8312,               2.045,              2.4128,             0.94396,              0.7018,             0.82853,             0.59481,                   0,                   0,                   0,             0.00967,             0.00967,             0.00967
                  12,              1.7183,              1.9188,              2.3359,             0.81601,             0.72917,             0.79341,             0.58119,                   0,                   0,                   0,            0.009637,            0.009637,            0.009637
                  13,              1.7302,              1.8462,               2.239,             0.88852,             0.74167,             0.83499,             0.60958,                   0,                   0,                   0,            0.009604,            0.009604,            0.009604
                  14,              1.7166,              1.8849,              2.2627,             0.84757,             0.77083,             0.83361,             0.60366,                   0,                   0,                   0,            0.009571,            0.009571,            0.009571
                  15,              1.6914,              1.9167,              2.1811,             0.73053,               0.775,             0.72554,             0.52333,                   0,                   0,                   0,            0.009538,            0.009538,            0.009538
                  16,              1.6083,              1.7606,              2.1102,             0.91584,             0.72552,             0.84712,             0.62382,                   0,                   0,                   0,            0.009505,            0.009505,            0.009505
                  17,              1.6867,               1.815,               2.231,             0.90818,             0.77083,             0.88233,             0.63671,                   0,                   0,                   0,            0.009472,            0.009472,            0.009472
                  18,              1.6602,              1.7842,              2.2233,             0.93233,             0.74625,             0.87498,             0.63278,                   0,                   0,                   0,            0.009439,            0.009439,            0.009439
                  19,               1.617,              1.7879,              2.0952,             0.88517,             0.80301,              0.9002,             0.65668,                   0,                   0,                   0,            0.009406,            0.009406,            0.009406
                  20,              1.5906,              1.6618,              2.0943,             0.80674,             0.78333,             0.86743,              0.6161,                   0,                   0,                   0,            0.009373,            0.009373,            0.009373
                  21,              1.6308,              1.7966,              2.0881,             0.88968,             0.77284,             0.86214,              0.6163,                   0,                   0,                   0,             0.00934,             0.00934,             0.00934
                  22,              1.5387,              1.7125,              2.0394,             0.90538,             0.79742,             0.89211,             0.64996,                   0,                   0,                   0,            0.009307,            0.009307,            0.009307
                  23,               1.524,              1.5645,              2.0287,              0.8952,             0.81864,             0.90117,             0.65489,                   0,                   0,                   0,            0.009274,            0.009274,            0.009274
                  24,              1.6002,              1.6671,              2.1262,             0.90483,             0.76667,             0.86699,             0.61491,                   0,                   0,                   0,            0.009241,            0.009241,            0.009241
                  25,               1.593,              1.6091,              2.0269,             0.92143,             0.78185,             0.88774,             0.64061,                   0,                   0,                   0,            0.009208,            0.009208,            0.009208
                  26,              1.5201,              1.5075,              1.9765,             0.90341,             0.75833,             0.86312,             0.62674,                   0,                   0,                   0,            0.009175,            0.009175,            0.009175
                  27,               1.555,              1.6496,              2.0455,             0.93683,             0.74155,             0.87212,              0.6309,                   0,                   0,                   0,            0.009142,            0.009142,            0.009142
                  28,              1.5334,              1.5883,              1.9858,             0.84919,             0.79768,             0.86152,             0.62108,                   0,                   0,                   0,            0.009109,            0.009109,            0.009109
                  29,              1.5719,              1.6272,              2.0822,             0.75781,             0.81667,             0.80645,             0.57547,                   0,                   0,                   0,            0.009076,            0.009076,            0.009076
                  30,               1.451,              1.4969,              1.8847,             0.86183,              0.8125,             0.83835,              0.6173,                   0,                   0,                   0,            0.009043,            0.009043,            0.009043
                  31,              1.4856,              1.5939,              1.9993,             0.85654,                 0.8,             0.85094,             0.63128,                   0,                   0,                   0,             0.00901,             0.00901,             0.00901
                  32,              1.4083,              1.5186,               1.873,             0.87015,             0.83767,             0.90199,             0.65222,                   0,                   0,                   0,            0.008977,            0.008977,            0.008977
                  33,              1.4287,               1.449,              1.8942,             0.79313,             0.76679,             0.80399,             0.57618,                   0,                   0,                   0,            0.008944,            0.008944,            0.008944
                  34,              1.4771,              1.5113,              1.9117,             0.88941,              0.8375,             0.89722,             0.66933,                   0,                   0,                   0,            0.008911,            0.008911,            0.008911
                  35,              1.4151,               1.432,              1.8957,             0.85954,             0.84144,             0.90934,             0.67088,                   0,                   0,                   0,            0.008878,            0.008878,            0.008878
                  36,              1.4422,              1.4586,              1.8717,             0.86943,             0.84583,             0.89128,             0.65724,                   0,                   0,                   0,            0.008845,            0.008845,            0.008845
                  37,              1.4238,              1.4378,              1.9129,             0.90034,              0.7875,             0.87667,             0.64465,                   0,                   0,                   0,            0.008812,            0.008812,            0.008812
                  38,              1.3929,              1.4115,              1.8618,             0.90808,              0.7625,             0.87734,             0.65007,                   0,                   0,                   0,            0.008779,            0.008779,            0.008779
                  39,              1.4368,              1.4455,              1.8693,             0.85982,             0.79167,             0.85152,             0.62638,                   0,                   0,                   0,            0.008746,            0.008746,            0.008746
                  40,               1.398,              1.4015,              1.8573,              0.8721,             0.76711,             0.79669,             0.57841,                   0,                   0,                   0,            0.008713,            0.008713,            0.008713
                  41,               1.342,              1.3286,              1.8049,             0.89894,             0.79583,             0.87731,             0.64315,                   0,                   0,                   0,             0.00868,             0.00868,             0.00868
                  42,              1.4267,              1.3962,              1.9134,             0.91147,                 0.8,             0.91727,              0.6829,                   0,                   0,                   0,            0.008647,            0.008647,            0.008647
                  43,              1.3258,              1.3121,              1.7298,             0.94709,             0.80417,             0.90898,             0.66957,                   0,                   0,                   0,            0.008614,            0.008614,            0.008614
                  44,              1.4118,              1.3676,              1.9126,             0.88441,             0.86073,             0.91891,              0.6678,                   0,                   0,                   0,            0.008581,            0.008581,            0.008581
                  45,              1.4013,              1.3937,              1.8585,             0.93157,             0.79583,             0.90439,             0.66243,                   0,                   0,                   0,            0.008548,            0.008548,            0.008548
                  46,              1.4555,              1.4081,              1.9353,             0.82151,              0.8375,             0.86705,             0.63233,                   0,                   0,                   0,            0.008515,            0.008515,            0.008515
                  47,              1.3665,              1.3466,               1.873,             0.90904,             0.82083,             0.91093,             0.67068,                   0,                   0,                   0,            0.008482,            0.008482,            0.008482
                  48,              1.3778,              1.3179,              1.8434,             0.96129,             0.79583,             0.91014,             0.66814,                   0,                   0,                   0,            0.008449,            0.008449,            0.008449
                  49,              1.2963,              1.2381,              1.7613,             0.90421,             0.78661,             0.87731,             0.64321,                   0,                   0,                   0,            0.008416,            0.008416,            0.008416
                  50,              1.3272,              1.2626,              1.8298,             0.79701,             0.82917,             0.80253,              0.5829,                   0,                   0,                   0,            0.008383,            0.008383,            0.008383
                  51,              1.4407,              1.3111,              1.9337,             0.88523,                 0.8,             0.85071,             0.62433,                   0,                   0,                   0,             0.00835,             0.00835,             0.00835
                  52,              1.4251,              1.3449,              1.8783,              0.9305,             0.78096,              0.8868,             0.65518,                   0,                   0,                   0,            0.008317,            0.008317,            0.008317
                  53,              1.3986,              1.3059,              1.8268,             0.87546,             0.82013,             0.86574,             0.63306,                   0,                   0,                   0,            0.008284,            0.008284,            0.008284
                  54,              1.3603,              1.3757,              1.8164,             0.90924,             0.80417,             0.91732,             0.67888,                   0,                   0,                   0,            0.008251,            0.008251,            0.008251
                  55,              1.3554,              1.2787,              1.8115,             0.81371,             0.76441,             0.81006,             0.58267,                   0,                   0,                   0,            0.008218,            0.008218,            0.008218
                  56,              1.2931,              1.2575,              1.7569,             0.86701,             0.76059,             0.83857,             0.61016,                   0,                   0,                   0,            0.008185,            0.008185,            0.008185
                  57,              1.3139,              1.3198,              1.7769,             0.88252,             0.81383,             0.88854,             0.65729,                   0,                   0,                   0,            0.008152,            0.008152,            0.008152
                  58,               1.292,              1.2769,              1.7993,             0.93418,              0.8279,             0.91627,             0.68796,                   0,                   0,                   0,            0.008119,            0.008119,            0.008119
                  59,              1.2932,              1.2593,              1.7282,                0.95,              0.7917,              0.8985,             0.66696,                   0,                   0,                   0,            0.008086,            0.008086,            0.008086
                  60,              1.2033,              1.1714,              1.6853,             0.93757,             0.78333,             0.89947,             0.65797,                   0,                   0,                   0,            0.008053,            0.008053,            0.008053
                  61,              1.3058,              1.2168,              1.7841,             0.89825,              0.8125,             0.89414,             0.65836,                   0,                   0,                   0,             0.00802,             0.00802,             0.00802
                  62,              1.3442,              1.2166,              1.8304,               0.943,             0.82719,             0.91288,             0.66861,                   0,                   0,                   0,            0.007987,            0.007987,            0.007987
                  63,              1.3798,              1.2545,              1.8574,             0.89431,             0.85417,             0.91661,             0.67048,                   0,                   0,                   0,            0.007954,            0.007954,            0.007954
                  64,              1.3238,              1.1839,              1.7962,             0.86573,              0.8375,             0.87218,             0.63417,                   0,                   0,                   0,            0.007921,            0.007921,            0.007921
                  65,               1.273,              1.1804,              1.7468,             0.84942,                0.85,             0.86028,             0.63208,                   0,                   0,                   0,            0.007888,            0.007888,            0.007888
                  66,              1.3148,               1.238,              1.8133,             0.85357,             0.87437,              0.8964,             0.65475,                   0,                   0,                   0,            0.007855,            0.007855,            0.007855
                  67,              1.3433,              1.2433,              1.7862,             0.86239,             0.85417,             0.88678,             0.65957,                   0,                   0,                   0,            0.007822,            0.007822,            0.007822
                  68,              1.3205,              1.1789,              1.7713,             0.86032,             0.85417,             0.86539,             0.63832,                   0,                   0,                   0,            0.007789,            0.007789,            0.007789
                  69,              1.3443,              1.2342,              1.8038,              0.6624,             0.78333,             0.64063,             0.46665,                   0,                   0,                   0,            0.007756,            0.007756,            0.007756
                  70,              1.3109,              1.2269,              1.7668,             0.86693,             0.84167,              0.8743,             0.63972,                   0,                   0,                   0,            0.007723,            0.007723,            0.007723
                  71,              1.3114,              1.1936,              1.7762,              0.9505,             0.80011,             0.90241,             0.65881,                   0,                   0,                   0,             0.00769,             0.00769,             0.00769
                  72,              1.2961,              1.2042,              1.7613,             0.87832,             0.82083,             0.87506,             0.63907,                   0,                   0,                   0,            0.007657,            0.007657,            0.007657
                  73,              1.3006,              1.2243,              1.7473,             0.85349,             0.83333,              0.8513,             0.62306,                   0,                   0,                   0,            0.007624,            0.007624,            0.007624
                  74,              1.2982,              1.2507,              1.7384,             0.83843,             0.80833,             0.83141,             0.59957,                   0,                   0,                   0,            0.007591,            0.007591,            0.007591
                  75,              1.3051,              1.1885,              1.7672,             0.79768,               0.825,             0.81098,             0.59956,                   0,                   0,                   0,            0.007558,            0.007558,            0.007558
                  76,              1.2699,              1.1629,              1.7008,             0.78072,               0.775,             0.75564,             0.54572,                   0,                   0,                   0,            0.007525,            0.007525,            0.007525
                  77,              1.2692,               1.197,              1.7377,              0.7514,             0.79583,             0.74583,             0.54201,                   0,                   0,                   0,            0.007492,            0.007492,            0.007492
                  78,              1.3178,              1.2164,              1.7747,             0.70511,              0.8125,             0.69101,             0.48928,                   0,                   0,                   0,            0.007459,            0.007459,            0.007459
                  79,              1.3102,              1.2192,              1.7492,             0.90841,             0.81667,             0.89256,             0.64691,                   0,                   0,                   0,            0.007426,            0.007426,            0.007426
                  80,              1.2926,              1.1325,              1.7342,             0.91325,             0.83338,             0.91308,             0.66406,                   0,                   0,                   0,            0.007393,            0.007393,            0.007393
                  81,               1.243,              1.1922,              1.6852,             0.91584,             0.77917,              0.8723,             0.62665,                   0,                   0,                   0,             0.00736,             0.00736,             0.00736
                  82,              1.2621,              1.1615,              1.6927,             0.71163,               0.775,             0.69279,             0.49924,                   0,                   0,                   0,            0.007327,            0.007327,            0.007327
                  83,              1.2851,              1.1443,              1.7369,             0.67536,             0.77145,             0.61966,             0.43985,                   0,                   0,                   0,            0.007294,            0.007294,            0.007294
                  84,              1.2823,              1.1576,              1.7189,             0.91313,             0.78836,             0.86876,             0.63203,                   0,                   0,                   0,            0.007261,            0.007261,            0.007261
                  85,              1.2712,              1.1276,              1.7201,             0.87661,             0.82886,             0.88445,             0.65162,                   0,                   0,                   0,            0.007228,            0.007228,            0.007228
                  86,              1.2202,              1.1836,              1.6928,             0.88192,             0.85417,              0.8762,             0.63854,                   0,                   0,                   0,            0.007195,            0.007195,            0.007195
                  87,              1.2704,              1.1746,              1.7284,             0.83035,             0.83613,             0.83562,             0.60248,                   0,                   0,                   0,            0.007162,            0.007162,            0.007162
                  88,              1.2686,              1.2069,               1.754,             0.85103,             0.83313,             0.84606,             0.61858,                   0,                   0,                   0,            0.007129,            0.007129,            0.007129
                  89,              1.2881,               1.108,              1.7182,             0.91764,             0.83565,             0.90728,             0.66636,                   0,                   0,                   0,            0.007096,            0.007096,            0.007096
                  90,              1.2663,              1.1386,               1.696,             0.84283,                0.85,             0.88821,             0.66091,                   0,                   0,                   0,            0.007063,            0.007063,            0.007063
                  91,              1.2329,              1.0889,              1.6721,             0.88618,              0.8435,              0.8924,             0.65772,                   0,                   0,                   0,             0.00703,             0.00703,             0.00703
                  92,              1.2143,              1.0805,              1.6653,             0.81219,                0.85,              0.8251,             0.60157,                   0,                   0,                   0,            0.006997,            0.006997,            0.006997
                  93,              1.2909,              1.2278,              1.7581,             0.91149,             0.80417,             0.87041,             0.63575,                   0,                   0,                   0,            0.006964,            0.006964,            0.006964
                  94,              1.1938,              1.1513,              1.6888,             0.94787,             0.84583,              0.9341,             0.69609,                   0,                   0,                   0,            0.006931,            0.006931,            0.006931
                  95,              1.2499,               1.062,              1.6853,             0.88382,             0.84583,             0.90957,             0.66933,                   0,                   0,                   0,            0.006898,            0.006898,            0.006898
                  96,              1.2708,              1.1467,                 1.7,             0.89553,               0.875,               0.903,             0.66298,                   0,                   0,                   0,            0.006865,            0.006865,            0.006865
                  97,              1.2837,              1.1722,              1.7179,             0.89968,               0.875,             0.92151,             0.69415,                   0,                   0,                   0,            0.006832,            0.006832,            0.006832
                  98,              1.1743,              1.1022,              1.6468,             0.93532,              0.8436,             0.92639,             0.68956,                   0,                   0,                   0,            0.006799,            0.006799,            0.006799
                  99,              1.2253,              1.1177,              1.7046,             0.94849,             0.84583,             0.93291,              0.7017,                   0,                   0,                   0,            0.006766,            0.006766,            0.006766
                 100,                1.22,              1.0849,              1.6944,             0.89086,             0.81623,             0.86093,              0.6397,                   0,                   0,                   0,            0.006733,            0.006733,            0.006733
                 101,              1.1907,              1.1333,              1.6809,             0.93023,             0.83327,             0.89208,             0.64484,                   0,                   0,                   0,              0.0067,              0.0067,              0.0067
                 102,              1.2182,              1.0627,              1.6644,             0.94324,               0.825,             0.89947,              0.6611,                   0,                   0,                   0,            0.006667,            0.006667,            0.006667
                 103,              1.2003,              1.0653,              1.6652,             0.83125,             0.81667,             0.83313,             0.61151,                   0,                   0,                   0,            0.006634,            0.006634,            0.006634
                 104,               1.257,              1.1325,              1.6901,             0.79218,             0.83333,             0.80738,             0.59561,                   0,                   0,                   0,            0.006601,            0.006601,            0.006601
                 105,              1.2291,              1.0626,              1.7109,             0.90492,             0.84583,             0.89614,             0.67289,                   0,                   0,                   0,            0.006568,            0.006568,            0.006568
                 106,              1.1925,              1.0092,              1.6771,             0.89934,             0.85623,             0.91782,             0.68458,                   0,                   0,                   0,            0.006535,            0.006535,            0.006535
                 107,              1.2592,              1.1501,              1.7532,              0.9351,             0.84167,             0.92682,             0.69809,                   0,                   0,                   0,            0.006502,            0.006502,            0.006502
                 108,               1.227,              1.0691,              1.7173,             0.96184,              0.8125,             0.91137,             0.67248,                   0,                   0,                   0,            0.006469,            0.006469,            0.006469
                 109,              1.2094,               1.062,              1.6569,              0.9005,             0.82958,             0.89275,             0.65464,                   0,                   0,                   0,            0.006436,            0.006436,            0.006436
                 110,              1.1913,              1.1076,              1.6667,             0.91915,              0.8375,             0.89137,             0.66133,                   0,                   0,                   0,            0.006403,            0.006403,            0.006403
                 111,              1.2044,              1.1115,                 1.7,             0.95715,             0.83772,             0.93698,             0.70551,                   0,                   0,                   0,             0.00637,             0.00637,             0.00637
                 112,              1.2159,              1.0589,              1.7148,              0.9308,             0.86667,             0.92841,             0.69435,                   0,                   0,                   0,            0.006337,            0.006337,            0.006337
                 113,              1.2425,              1.0408,              1.6617,             0.93442,             0.82917,             0.92031,             0.68152,                   0,                   0,                   0,            0.006304,            0.006304,            0.006304
                 114,              1.2397,              1.0611,              1.6754,             0.89541,              0.8375,             0.89905,             0.66859,                   0,                   0,                   0,            0.006271,            0.006271,            0.006271
                 115,              1.2225,              1.0509,              1.6482,              0.9371,             0.83333,             0.92292,             0.69066,                   0,                   0,                   0,            0.006238,            0.006238,            0.006238
                 116,              1.1973,              1.0375,              1.6775,             0.90043,              0.8666,             0.92699,             0.68965,                   0,                   0,                   0,            0.006205,            0.006205,            0.006205
                 117,              1.2101,              1.0023,              1.6557,             0.88476,             0.86373,             0.89645,             0.66848,                   0,                   0,                   0,            0.006172,            0.006172,            0.006172
                 118,              1.1515,             0.98424,              1.6223,              0.9021,             0.84469,             0.87892,             0.66651,                   0,                   0,                   0,            0.006139,            0.006139,            0.006139
                 119,              1.2118,              1.0266,              1.6858,             0.84781,             0.83564,              0.8474,             0.63666,                   0,                   0,                   0,            0.006106,            0.006106,            0.006106
                 120,              1.2269,              1.0585,              1.7178,             0.85813,             0.82083,             0.83577,             0.61957,                   0,                   0,                   0,            0.006073,            0.006073,            0.006073
                 121,              1.2205,              1.0568,              1.6787,             0.91716,             0.81667,              0.8857,             0.66075,                   0,                   0,                   0,             0.00604,             0.00604,             0.00604
                 122,              1.2004,              1.0399,              1.6739,             0.91903,             0.85124,             0.91144,             0.68492,                   0,                   0,                   0,            0.006007,            0.006007,            0.006007
                 123,              1.1948,              1.0289,              1.6344,             0.94368,             0.83779,             0.92668,             0.69871,                   0,                   0,                   0,            0.005974,            0.005974,            0.005974
                 124,              1.2099,             0.98578,              1.6777,              0.9701,             0.85417,              0.9371,              0.7134,                   0,                   0,                   0,            0.005941,            0.005941,            0.005941
                 125,               1.166,              1.0128,              1.6369,             0.86773,             0.90208,             0.93127,             0.70032,                   0,                   0,                   0,            0.005908,            0.005908,            0.005908
                 126,              1.2478,              1.0848,              1.7118,             0.92755,             0.85355,             0.91697,             0.68925,                   0,                   0,                   0,            0.005875,            0.005875,            0.005875
                 127,              1.1975,              0.9964,              1.6863,             0.91919,             0.85311,             0.92218,             0.68421,                   0,                   0,                   0,            0.005842,            0.005842,            0.005842
                 128,              1.2021,             0.99883,               1.653,              0.8639,             0.84636,             0.84356,             0.61637,                   0,                   0,                   0,            0.005809,            0.005809,            0.005809
                 129,              1.1375,               1.046,              1.6164,             0.89841,              0.8875,             0.90062,              0.6679,                   0,                   0,                   0,            0.005776,            0.005776,            0.005776
                 130,              1.1712,              1.0221,              1.6435,             0.94012,             0.85833,              0.9251,             0.68932,                   0,                   0,                   0,            0.005743,            0.005743,            0.005743
                 131,              1.1293,             0.93816,              1.5992,             0.91745,                0.85,             0.93049,             0.70009,                   0,                   0,                   0,             0.00571,             0.00571,             0.00571
                 132,              1.1981,             0.98116,              1.6602,             0.93229,             0.86051,             0.92467,             0.69112,                   0,                   0,                   0,            0.005677,            0.005677,            0.005677
                 133,              1.2603,             0.99335,              1.7035,              0.8801,                0.85,             0.88275,             0.65229,                   0,                   0,                   0,            0.005644,            0.005644,            0.005644
                 134,              1.1729,             0.96952,              1.6046,             0.88319,             0.85057,             0.88915,             0.65782,                   0,                   0,                   0,            0.005611,            0.005611,            0.005611
                 135,              1.1516,              1.0661,               1.604,             0.86756,             0.86667,             0.88495,             0.66472,                   0,                   0,                   0,            0.005578,            0.005578,            0.005578
                 136,              1.1797,             0.99502,              1.5897,             0.89029,             0.85833,             0.89684,             0.67002,                   0,                   0,                   0,            0.005545,            0.005545,            0.005545
                 137,              1.1011,              0.9545,              1.5339,             0.90755,             0.81804,             0.87802,             0.65858,                   0,                   0,                   0,            0.005512,            0.005512,            0.005512
                 138,              1.1497,             0.96926,              1.5764,             0.93503,             0.84167,             0.91964,             0.68828,                   0,                   0,                   0,            0.005479,            0.005479,            0.005479
                 139,                1.15,             0.92776,              1.6551,             0.97062,               0.825,              0.9291,             0.69998,                   0,                   0,                   0,            0.005446,            0.005446,            0.005446
                 140,              1.1754,             0.97219,              1.6321,             0.91152,             0.85851,             0.93021,             0.69863,                   0,                   0,                   0,            0.005413,            0.005413,            0.005413
                 141,              1.1588,             0.94674,              1.6088,              0.9298,             0.83333,             0.92391,             0.68629,                   0,                   0,                   0,             0.00538,             0.00538,             0.00538
                 142,              1.2135,              1.0209,              1.6823,             0.90439,             0.86709,             0.92822,             0.68911,                   0,                   0,                   0,            0.005347,            0.005347,            0.005347
                 143,              1.1662,              0.9111,              1.6043,             0.89296,             0.86898,             0.92457,             0.69576,                   0,                   0,                   0,            0.005314,            0.005314,            0.005314
                 144,              1.1701,              1.0307,              1.6731,             0.84503,             0.87083,             0.86596,             0.64175,                   0,                   0,                   0,            0.005281,            0.005281,            0.005281
                 145,               1.201,              1.0422,              1.6708,             0.93249,             0.86667,             0.92797,             0.69764,                   0,                   0,                   0,            0.005248,            0.005248,            0.005248
                 146,              1.1776,               1.043,              1.6758,             0.91203,             0.86401,             0.91648,             0.67748,                   0,                   0,                   0,            0.005215,            0.005215,            0.005215
                 147,              1.1696,             0.96081,              1.6206,             0.89444,             0.84733,              0.9004,             0.66465,                   0,                   0,                   0,            0.005182,            0.005182,            0.005182
                 148,              1.1322,             0.95239,              1.6239,             0.91408,             0.88658,             0.93563,             0.70738,                   0,                   0,                   0,            0.005149,            0.005149,            0.005149
                 149,              1.1053,             0.92734,               1.537,             0.94939,             0.85987,             0.92972,             0.69766,                   0,                   0,                   0,            0.005116,            0.005116,            0.005116
                 150,              1.1144,             0.95284,               1.597,             0.90296,             0.89171,               0.924,              0.6886,                   0,                   0,                   0,            0.005083,            0.005083,            0.005083
                 151,              1.1084,             0.96679,              1.5917,              0.9325,             0.84167,             0.90554,             0.67353,                   0,                   0,                   0,             0.00505,             0.00505,             0.00505
                 152,              1.1839,             0.97614,              1.6421,              0.8714,             0.87527,             0.88585,             0.65869,                   0,                   0,                   0,            0.005017,            0.005017,            0.005017
                 153,              1.1195,             0.91302,              1.5967,             0.91147,             0.86667,              0.9006,             0.66301,                   0,                   0,                   0,            0.004984,            0.004984,            0.004984
                 154,              1.2132,              1.0072,               1.703,             0.89727,              0.8625,             0.90988,             0.66838,                   0,                   0,                   0,            0.004951,            0.004951,            0.004951
                 155,              1.2092,             0.99108,              1.6825,             0.92575,              0.8625,             0.91865,             0.68093,                   0,                   0,                   0,            0.004918,            0.004918,            0.004918
                 156,              1.1424,              0.9863,              1.6207,             0.94221,             0.81518,             0.91541,             0.67281,                   0,                   0,                   0,            0.004885,            0.004885,            0.004885
                 157,              1.1664,             0.91118,              1.6031,             0.90656,             0.85833,             0.92911,             0.68931,                   0,                   0,                   0,            0.004852,            0.004852,            0.004852
                 158,              1.1793,               1.041,              1.6472,             0.90959,             0.85833,             0.90506,             0.65754,                   0,                   0,                   0,            0.004819,            0.004819,            0.004819
                 159,              1.1659,             0.97849,              1.6334,             0.92428,             0.86466,             0.92432,             0.69732,                   0,                   0,                   0,            0.004786,            0.004786,            0.004786
                 160,              1.1622,             0.95466,               1.608,             0.95904,             0.87813,             0.93557,             0.70685,                   0,                   0,                   0,            0.004753,            0.004753,            0.004753
                 161,              1.1331,             0.93794,              1.5742,             0.92117,             0.87083,             0.92116,             0.69392,                   0,                   0,                   0,             0.00472,             0.00472,             0.00472
                 162,              1.0909,              0.9067,              1.5884,             0.83779,               0.825,              0.8036,             0.59302,                   0,                   0,                   0,            0.004687,            0.004687,            0.004687
                 163,              1.1595,             0.95473,              1.6288,             0.96675,             0.84167,             0.93237,             0.69799,                   0,                   0,                   0,            0.004654,            0.004654,            0.004654
                 164,              1.1733,             0.96963,              1.6033,             0.92575,             0.88315,             0.93969,             0.69347,                   0,                   0,                   0,            0.004621,            0.004621,            0.004621
                 165,              1.1222,             0.93601,              1.5744,             0.91151,              0.8875,             0.93736,             0.69298,                   0,                   0,                   0,            0.004588,            0.004588,            0.004588
                 166,              1.0838,             0.88258,              1.5702,             0.95063,              0.8625,             0.92947,             0.68782,                   0,                   0,                   0,            0.004555,            0.004555,            0.004555
                 167,              1.1463,             0.90657,              1.5877,             0.96375,             0.88617,             0.94476,             0.70218,                   0,                   0,                   0,            0.004522,            0.004522,            0.004522
                 168,              1.1216,             0.93911,              1.5825,             0.91968,             0.85881,             0.93318,             0.69458,                   0,                   0,                   0,            0.004489,            0.004489,            0.004489
                 169,              1.1045,               0.916,              1.5708,             0.90877,             0.87157,             0.92531,             0.68949,                   0,                   0,                   0,            0.004456,            0.004456,            0.004456
                 170,               1.142,             0.98405,              1.6344,             0.87437,             0.89583,             0.89903,             0.66663,                   0,                   0,                   0,            0.004423,            0.004423,            0.004423
                 171,               1.118,             0.93033,                1.61,             0.93447,             0.85417,             0.93541,             0.70732,                   0,                   0,                   0,             0.00439,             0.00439,             0.00439
                 172,              1.1715,             0.90429,              1.5994,             0.93077,              0.8375,             0.91716,             0.68619,                   0,                   0,                   0,            0.004357,            0.004357,            0.004357
                 173,              1.1245,             0.91393,               1.598,             0.88099,             0.89583,             0.90985,             0.67829,                   0,                   0,                   0,            0.004324,            0.004324,            0.004324
                 174,              1.1294,             0.91109,              1.5915,             0.92986,               0.825,             0.90705,             0.67413,                   0,                   0,                   0,            0.004291,            0.004291,            0.004291
                 175,              1.1712,             0.87714,              1.6538,             0.95689,             0.85417,              0.9468,             0.70853,                   0,                   0,                   0,            0.004258,            0.004258,            0.004258
                 176,              1.1441,             0.90021,              1.6391,             0.94684,             0.89062,             0.94427,             0.70683,                   0,                   0,                   0,            0.004225,            0.004225,            0.004225
                 177,              1.0408,             0.80854,              1.5064,             0.94698,             0.89306,             0.94577,             0.70522,                   0,                   0,                   0,            0.004192,            0.004192,            0.004192
                 178,              1.1414,             0.88489,               1.599,             0.95842,             0.86448,             0.93957,             0.69361,                   0,                   0,                   0,            0.004159,            0.004159,            0.004159
                 179,              1.1337,             0.97933,              1.6252,              0.9406,              0.8577,             0.93036,             0.68545,                   0,                   0,                   0,            0.004126,            0.004126,            0.004126
                 180,              1.1286,             0.94604,              1.5652,             0.92799,             0.85916,             0.93008,             0.69019,                   0,                   0,                   0,            0.004093,            0.004093,            0.004093
                 181,              1.0823,             0.84966,              1.5532,             0.94169,             0.87473,             0.94299,             0.70701,                   0,                   0,                   0,             0.00406,             0.00406,             0.00406
                 182,              1.1757,             0.94409,              1.6377,             0.94302,             0.85833,             0.94973,             0.70058,                   0,                   0,                   0,            0.004027,            0.004027,            0.004027
                 183,              1.1435,             0.97021,              1.6093,             0.93462,             0.89341,             0.94791,              0.7117,                   0,                   0,                   0,            0.003994,            0.003994,            0.003994
                 184,              1.1396,             0.93932,              1.6069,              0.9136,             0.88118,             0.93841,             0.70018,                   0,                   0,                   0,            0.003961,            0.003961,            0.003961
                 185,               1.077,             0.89645,              1.5259,             0.93185,             0.88333,             0.94147,             0.70221,                   0,                   0,                   0,            0.003928,            0.003928,            0.003928
                 186,              1.0864,             0.82427,              1.5624,             0.93865,               0.875,             0.94302,             0.70639,                   0,                   0,                   0,            0.003895,            0.003895,            0.003895
                 187,              1.1167,             0.87518,              1.5719,             0.94986,             0.86667,             0.94285,             0.71134,                   0,                   0,                   0,            0.003862,            0.003862,            0.003862
                 188,              1.1259,             0.91697,              1.6317,               0.933,             0.88333,             0.92273,             0.69388,                   0,                   0,                   0,            0.003829,            0.003829,            0.003829
                 189,              1.1247,             0.90756,                1.59,             0.92743,             0.87917,             0.94316,              0.7103,                   0,                   0,                   0,            0.003796,            0.003796,            0.003796
                 190,              1.1637,              0.9695,              1.6115,              0.9487,             0.84583,             0.93889,             0.69415,                   0,                   0,                   0,            0.003763,            0.003763,            0.003763
                 191,              1.1394,             0.89984,              1.5562,             0.96489,             0.85833,             0.95538,             0.71759,                   0,                   0,                   0,             0.00373,             0.00373,             0.00373
                 192,              1.1217,             0.94661,              1.5671,             0.96245,             0.85435,             0.93236,             0.69912,                   0,                   0,                   0,            0.003697,            0.003697,            0.003697
                 193,              1.1398,              0.8647,              1.6098,             0.92893,             0.87139,             0.91591,             0.68032,                   0,                   0,                   0,            0.003664,            0.003664,            0.003664
                 194,              1.1066,             0.85119,               1.578,             0.90349,             0.89719,             0.90954,             0.67425,                   0,                   0,                   0,            0.003631,            0.003631,            0.003631
                 195,              1.0998,             0.85598,              1.5676,             0.92975,                0.85,             0.90778,             0.67811,                   0,                   0,                   0,            0.003598,            0.003598,            0.003598
                 196,              1.0747,             0.83881,              1.5603,             0.93399,              0.8625,             0.91131,             0.68583,                   0,                   0,                   0,            0.003565,            0.003565,            0.003565
                 197,              1.1048,             0.88902,              1.5563,             0.91096,              0.8526,             0.90129,             0.67875,                   0,                   0,                   0,            0.003532,            0.003532,            0.003532
                 198,              1.0819,             0.84144,              1.5823,             0.93054,             0.83728,             0.92381,             0.68674,                   0,                   0,                   0,            0.003499,            0.003499,            0.003499
                 199,              1.0593,             0.84046,              1.5107,             0.89971,             0.85969,               0.913,              0.6766,                   0,                   0,                   0,            0.003466,            0.003466,            0.003466
                 200,               1.094,             0.83744,              1.5455,             0.88392,             0.83333,             0.86267,             0.63807,                   0,                   0,                   0,            0.003433,            0.003433,            0.003433
                 201,               1.103,             0.85582,              1.5567,             0.83957,             0.85038,             0.83815,              0.6191,                   0,                   0,                   0,              0.0034,              0.0034,              0.0034
                 202,              1.1255,             0.89406,              1.5593,              0.8602,             0.87917,             0.85403,             0.63248,                   0,                   0,                   0,            0.003367,            0.003367,            0.003367
                 203,              1.1601,             0.92418,              1.6214,             0.86272,              0.8625,             0.83949,             0.62481,                   0,                   0,                   0,            0.003334,            0.003334,            0.003334
                 204,              1.0646,             0.85168,              1.5229,             0.86583,             0.88734,             0.87321,             0.64584,                   0,                   0,                   0,            0.003301,            0.003301,            0.003301
                 205,               1.101,             0.88731,              1.5718,             0.85644,             0.89485,              0.8469,             0.63159,                   0,                   0,                   0,            0.003268,            0.003268,            0.003268
                 206,              1.1111,             0.88822,              1.5332,             0.88423,               0.875,             0.87674,              0.6458,                   0,                   0,                   0,            0.003235,            0.003235,            0.003235
                 207,              1.1206,             0.86933,              1.5656,             0.90241,              0.8875,             0.89671,              0.6636,                   0,                   0,                   0,            0.003202,            0.003202,            0.003202
                 208,              1.0488,             0.86278,              1.5113,             0.90175,             0.87917,             0.89551,             0.66544,                   0,                   0,                   0,            0.003169,            0.003169,            0.003169
                 209,              1.0988,             0.89281,              1.6277,             0.90729,                0.85,             0.89476,             0.66135,                   0,                   0,                   0,            0.003136,            0.003136,            0.003136
                 210,              1.1558,             0.94089,                1.61,             0.94543,             0.86632,             0.93603,             0.68883,                   0,                   0,                   0,            0.003103,            0.003103,            0.003103
                 211,              1.0737,             0.88049,               1.558,             0.97628,             0.85729,             0.94375,             0.70704,                   0,                   0,                   0,             0.00307,             0.00307,             0.00307
                 212,              1.1845,              0.9562,              1.6353,             0.92928,             0.87602,             0.94614,             0.70638,                   0,                   0,                   0,            0.003037,            0.003037,            0.003037
                 213,              1.1205,             0.85781,              1.5625,             0.93659,             0.87917,             0.93553,             0.70119,                   0,                   0,                   0,            0.003004,            0.003004,            0.003004
                 214,              1.0354,             0.80146,              1.5112,             0.95296,              0.8625,             0.93582,             0.69669,                   0,                   0,                   0,            0.002971,            0.002971,            0.002971
                 215,              1.0905,             0.84907,              1.5808,             0.95064,             0.88279,             0.93413,             0.69895,                   0,                   0,                   0,            0.002938,            0.002938,            0.002938
                 216,              1.1099,             0.87998,              1.5484,             0.94252,             0.88825,             0.93774,             0.70494,                   0,                   0,                   0,            0.002905,            0.002905,            0.002905
                 217,              1.1523,             0.93085,              1.6258,             0.93897,             0.89747,             0.93747,             0.70477,                   0,                   0,                   0,            0.002872,            0.002872,            0.002872
                 218,              1.0979,             0.84362,               1.616,             0.94745,              0.8875,             0.94313,             0.71493,                   0,                   0,                   0,            0.002839,            0.002839,            0.002839
                 219,               1.111,             0.89131,              1.5565,             0.94673,             0.88862,             0.94687,             0.70932,                   0,                   0,                   0,            0.002806,            0.002806,            0.002806
                 220,              1.1462,             0.93306,              1.5899,             0.95598,               0.875,             0.94506,             0.70304,                   0,                   0,                   0,            0.002773,            0.002773,            0.002773
                 221,              1.1329,             0.90161,              1.6422,             0.99033,             0.85304,             0.94448,             0.69795,                   0,                   0,                   0,             0.00274,             0.00274,             0.00274
                 222,              1.1009,             0.85308,               1.587,             0.97116,             0.86667,              0.9394,             0.69178,                   0,                   0,                   0,            0.002707,            0.002707,            0.002707
                 223,              1.0783,             0.84707,              1.5501,             0.96288,             0.86472,             0.93754,             0.69799,                   0,                   0,                   0,            0.002674,            0.002674,            0.002674
                 224,              1.0993,             0.85796,              1.5083,              0.9338,             0.88154,             0.94264,             0.70031,                   0,                   0,                   0,            0.002641,            0.002641,            0.002641
                 225,              1.0551,             0.82358,              1.5405,             0.93149,             0.87083,             0.93285,             0.69595,                   0,                   0,                   0,            0.002608,            0.002608,            0.002608
                 226,              1.0518,             0.78407,              1.5237,             0.92457,             0.88333,             0.94933,             0.71531,                   0,                   0,                   0,            0.002575,            0.002575,            0.002575
                 227,               1.077,             0.85984,               1.593,             0.94709,             0.89167,             0.94639,             0.70935,                   0,                   0,                   0,            0.002542,            0.002542,            0.002542
                 228,              1.0404,             0.77557,              1.5215,             0.90607,              0.8842,             0.93057,             0.69267,                   0,                   0,                   0,            0.002509,            0.002509,            0.002509
                 229,              1.1038,             0.82037,              1.5795,             0.98085,             0.85377,             0.94098,             0.70168,                   0,                   0,                   0,            0.002476,            0.002476,            0.002476
                 230,              1.0322,             0.78602,              1.4721,             0.96183,             0.83995,              0.9235,             0.68002,                   0,                   0,                   0,            0.002443,            0.002443,            0.002443
                 231,              1.0669,             0.88728,              1.5403,             0.92899,               0.875,             0.93051,             0.68886,                   0,                   0,                   0,             0.00241,             0.00241,             0.00241
                 232,              1.0776,             0.80401,              1.5083,             0.98038,             0.84583,             0.92856,             0.69156,                   0,                   0,                   0,            0.002377,            0.002377,            0.002377
                 233,              1.1428,             0.87756,              1.6112,             0.96873,               0.875,             0.94097,             0.71155,                   0,                   0,                   0,            0.002344,            0.002344,            0.002344
                 234,              1.0619,              0.8191,               1.554,             0.94519,               0.875,               0.932,             0.69516,                   0,                   0,                   0,            0.002311,            0.002311,            0.002311
                 235,              1.0949,             0.85117,              1.5684,             0.97076,              0.8625,             0.94164,             0.70483,                   0,                   0,                   0,            0.002278,            0.002278,            0.002278
                 236,              1.0651,             0.79597,              1.5133,             0.96724,             0.86102,             0.93679,             0.70316,                   0,                   0,                   0,            0.002245,            0.002245,            0.002245
                 237,              1.0853,              0.8166,              1.5307,             0.95983,              0.8625,              0.9296,             0.69649,                   0,                   0,                   0,            0.002212,            0.002212,            0.002212
                 238,              1.0637,             0.79391,               1.511,             0.93621,             0.87917,             0.93487,             0.70301,                   0,                   0,                   0,            0.002179,            0.002179,            0.002179
                 239,              1.0767,             0.84582,              1.5096,              0.9575,             0.87917,             0.94216,              0.7111,                   0,                   0,                   0,            0.002146,            0.002146,            0.002146
                 240,              1.1194,             0.84834,              1.5754,             0.98096,              0.8586,             0.93813,             0.70388,                   0,                   0,                   0,            0.002113,            0.002113,            0.002113
                 241,              1.0513,             0.83651,               1.496,             0.96671,             0.87083,             0.93898,             0.69908,                   0,                   0,                   0,             0.00208,             0.00208,             0.00208
                 242,              1.0855,             0.85484,              1.5283,             0.97234,             0.87882,             0.93942,             0.70795,                   0,                   0,                   0,            0.002047,            0.002047,            0.002047
                 243,              1.0978,             0.83906,              1.5625,             0.93024,             0.88905,              0.9314,             0.69515,                   0,                   0,                   0,            0.002014,            0.002014,            0.002014
                 244,              1.1147,             0.81746,              1.5588,             0.93931,             0.87917,              0.9366,             0.69836,                   0,                   0,                   0,            0.001981,            0.001981,            0.001981
                 245,              1.0727,             0.79095,              1.5507,             0.94257,             0.88895,             0.94201,             0.71266,                   0,                   0,                   0,            0.001948,            0.001948,            0.001948
                 246,              1.1093,             0.84597,               1.596,              0.9507,             0.88376,             0.93981,             0.70662,                   0,                   0,                   0,            0.001915,            0.001915,            0.001915
                 247,               1.126,             0.88639,              1.6314,             0.96374,             0.88588,             0.94462,             0.71023,                   0,                   0,                   0,            0.001882,            0.001882,            0.001882
                 248,               1.086,             0.79929,              1.5427,             0.95894,             0.87587,             0.94546,             0.70823,                   0,                   0,                   0,            0.001849,            0.001849,            0.001849
                 249,              1.0589,             0.82941,               1.511,             0.96969,             0.87083,             0.94332,             0.70815,                   0,                   0,                   0,            0.001816,            0.001816,            0.001816
                 250,              1.1045,             0.83674,              1.5573,             0.96456,               0.875,             0.94003,             0.70272,                   0,                   0,                   0,            0.001783,            0.001783,            0.001783
                 251,              1.0509,             0.78438,              1.5218,             0.95499,               0.884,             0.94339,             0.70691,                   0,                   0,                   0,             0.00175,             0.00175,             0.00175
                 252,              1.0151,             0.78424,              1.4844,             0.94777,               0.875,             0.94479,             0.70005,                   0,                   0,                   0,            0.001717,            0.001717,            0.001717
                 253,              1.0547,             0.81543,              1.5159,             0.97685,               0.879,             0.94465,             0.69973,                   0,                   0,                   0,            0.001684,            0.001684,            0.001684
                 254,              1.0516,              0.8087,              1.5144,             0.94617,             0.87887,             0.93296,              0.6854,                   0,                   0,                   0,            0.001651,            0.001651,            0.001651
                 255,              1.0519,             0.82344,              1.4998,             0.97683,              0.8785,             0.93963,             0.70936,                   0,                   0,                   0,            0.001618,            0.001618,            0.001618
                 256,              1.0549,               0.808,               1.535,             0.95459,             0.87586,             0.94277,             0.70981,                   0,                   0,                   0,            0.001585,            0.001585,            0.001585
                 257,              1.0223,             0.80016,              1.5095,             0.97243,             0.88172,             0.94628,             0.71112,                   0,                   0,                   0,            0.001552,            0.001552,            0.001552
                 258,              1.0398,             0.77791,               1.499,             0.97117,             0.88333,              0.9435,             0.70608,                   0,                   0,                   0,            0.001519,            0.001519,            0.001519
                 259,             0.99915,             0.73421,              1.4452,             0.96362,             0.88287,             0.94179,             0.71058,                   0,                   0,                   0,            0.001486,            0.001486,            0.001486
                 260,              1.0591,             0.79221,              1.5198,             0.97712,             0.88974,             0.94597,              0.7149,                   0,                   0,                   0,            0.001453,            0.001453,            0.001453
                 261,              1.1514,             0.87847,              1.6178,             0.96389,             0.88977,             0.94719,             0.71183,                   0,                   0,                   0,             0.00142,             0.00142,             0.00142
                 262,              1.0491,             0.85215,              1.5703,             0.97263,             0.88857,             0.94533,             0.71424,                   0,                   0,                   0,            0.001387,            0.001387,            0.001387
                 263,               1.035,             0.77514,              1.5295,              0.9581,             0.88333,             0.94124,             0.71085,                   0,                   0,                   0,            0.001354,            0.001354,            0.001354
                 264,              1.0595,             0.79051,              1.5206,             0.96733,              0.8637,             0.94177,             0.71214,                   0,                   0,                   0,            0.001321,            0.001321,            0.001321
                 265,              1.0706,             0.80326,               1.531,             0.96754,             0.86938,             0.94046,             0.70511,                   0,                   0,                   0,            0.001288,            0.001288,            0.001288
                 266,              1.0521,             0.80653,               1.533,             0.94232,             0.88499,             0.94021,             0.70717,                   0,                   0,                   0,            0.001255,            0.001255,            0.001255
                 267,              1.0531,             0.77699,              1.4973,             0.92603,             0.88676,             0.92976,             0.69717,                   0,                   0,                   0,            0.001222,            0.001222,            0.001222
                 268,              1.0542,             0.79774,              1.4625,             0.94197,             0.87919,             0.94438,             0.70853,                   0,                   0,                   0,            0.001189,            0.001189,            0.001189
                 269,              1.0068,             0.82458,              1.4807,             0.93727,             0.87155,             0.94595,             0.70584,                   0,                   0,                   0,            0.001156,            0.001156,            0.001156
                 270,              1.0794,              0.8389,              1.5359,             0.94211,             0.88157,             0.95249,             0.70687,                   0,                   0,                   0,            0.001123,            0.001123,            0.001123
                 271,              1.0485,             0.82248,              1.5116,             0.94042,             0.89167,             0.95329,             0.71186,                   0,                   0,                   0,             0.00109,             0.00109,             0.00109
                 272,              1.0789,             0.83449,              1.5427,             0.95095,             0.89583,             0.95488,             0.71342,                   0,                   0,                   0,            0.001057,            0.001057,            0.001057
                 273,              1.0404,             0.81981,              1.5114,             0.95544,             0.89338,             0.95262,             0.71727,                   0,                   0,                   0,            0.001024,            0.001024,            0.001024
                 274,              1.0801,             0.83059,               1.519,             0.97218,             0.87352,             0.95038,             0.71225,                   0,                   0,                   0,            0.000991,            0.000991,            0.000991
                 275,              1.0545,             0.85642,               1.528,             0.94468,             0.89167,              0.9499,             0.70411,                   0,                   0,                   0,            0.000958,            0.000958,            0.000958
                 276,              1.0365,             0.80405,              1.4865,             0.96117,             0.88333,             0.95129,             0.70847,                   0,                   0,                   0,            0.000925,            0.000925,            0.000925
                 277,              1.0446,             0.78825,              1.4738,             0.94431,             0.89583,             0.95181,             0.70898,                   0,                   0,                   0,            0.000892,            0.000892,            0.000892
                 278,              1.1056,             0.81925,              1.5617,             0.96955,              0.8625,              0.9445,             0.70883,                   0,                   0,                   0,            0.000859,            0.000859,            0.000859
                 279,              1.0682,             0.78981,              1.5317,             0.95008,               0.875,             0.93796,             0.70226,                   0,                   0,                   0,            0.000826,            0.000826,            0.000826
                 280,              1.0075,             0.74027,              1.4985,              0.9573,              0.8875,             0.94939,             0.71493,                   0,                   0,                   0,            0.000793,            0.000793,            0.000793
                 281,              1.0586,             0.79697,              1.5265,             0.95897,              0.8765,             0.94418,             0.70914,                   0,                   0,                   0,             0.00076,             0.00076,             0.00076
                 282,              1.0055,             0.84706,              1.5065,             0.95403,             0.86464,             0.94179,             0.70713,                   0,                   0,                   0,            0.000727,            0.000727,            0.000727
                 283,              1.0805,             0.80817,              1.5741,             0.95056,             0.89583,             0.94768,             0.71418,                   0,                   0,                   0,            0.000694,            0.000694,            0.000694
                 284,              1.0528,             0.82394,              1.5587,              0.9676,              0.8875,             0.94789,             0.70883,                   0,                   0,                   0,            0.000661,            0.000661,            0.000661
                 285,             0.99439,             0.73005,              1.4745,             0.93328,             0.88333,             0.94492,             0.70484,                   0,                   0,                   0,            0.000628,            0.000628,            0.000628
                 286,                1.03,             0.76867,              1.4651,              0.9498,             0.86722,             0.94677,             0.70227,                   0,                   0,                   0,            0.000595,            0.000595,            0.000595
                 287,              1.0423,             0.80229,              1.5037,             0.96882,             0.88333,             0.95319,              0.7101,                   0,                   0,                   0,            0.000562,            0.000562,            0.000562
                 288,              1.0724,             0.84093,               1.553,             0.96343,             0.87809,             0.94931,              0.7081,                   0,                   0,                   0,            0.000529,            0.000529,            0.000529
                 289,              1.0139,             0.81113,              1.4867,             0.96523,               0.875,             0.95023,             0.71134,                   0,                   0,                   0,            0.000496,            0.000496,            0.000496
                 290,              1.0065,             0.76375,              1.4847,             0.97155,             0.87917,             0.95279,             0.71234,                   0,                   0,                   0,            0.000463,            0.000463,            0.000463
                 291,              1.0579,             0.81952,              1.5097,             0.96137,              0.8875,             0.95296,             0.71634,                   0,                   0,                   0,             0.00043,             0.00043,             0.00043
